{"cameraMode":{"drawMode":0,"name":"Shaded","section":"Shading Mode"},"sceneLighting":true,"audioPlay":false,"sceneViewState":{"showFog":true,"showMaterialUpdate":false,"showSkybox":true,"showFlares":true,"showImageEffects":true,"showParticleSystems":true},"in2DMode":false,"pivot":{"x":20.776426315307618,"y":2.2038421630859377,"z":8.545844078063965},"rotation":{"x":-0.32556137442588808,"y":-0.12796251475811006,"z":0.04452076554298401,"w":-0.9357694387435913},"size":0.9770919680595398,"orthographic":false}