{"cameraMode":{"drawMode":0,"name":"Shaded","section":"Shading Mode"},"sceneLighting":true,"audioPlay":false,"sceneViewState":{"showFog":true,"showMaterialUpdate":false,"showSkybox":true,"showFlares":true,"showImageEffects":true,"showParticleSystems":true},"in2DMode":false,"pivot":{"x":6.337271690368652,"y":0.1466660350561142,"z":14.098388671875},"rotation":{"x":0.0011373647721484304,"y":0.2946576178073883,"z":0.00035266668419353664,"w":-0.9556041359901428},"size":4.707676887512207,"orthographic":false}