{"cameraMode":{"drawMode":0,"name":"Shaded","section":"Shading Mode"},"sceneLighting":true,"audioPlay":false,"sceneViewState":{"showFog":true,"showMaterialUpdate":false,"showSkybox":true,"showFlares":true,"showImageEffects":true,"showParticleSystems":true},"in2DMode":false,"pivot":{"x":27.63256072998047,"y":-0.017395973205566407,"z":9.462905883789063},"rotation":{"x":-0.08195695281028748,"y":-0.8505232930183411,"z":0.1392737329006195,"w":-0.5005022287368774},"size":9.64490032196045,"orthographic":false}